Average_Recency,Average_Frequency,Average_Monetary
193.54442217768872,5.474949899799599,2597.233831663327
